Model,RMSE
Intercept Only,136.6138555546196
Linear Model,93.4620168733965
Ridge,93.08412312415642
Lasso,93.0135018323929
Random Forest,77.18104275559712
