feature,coefficient
accommodates,39.71438960893403
review_scores_value,-21.94324232911851
bathrooms_text3.5 baths,19.674156754699112
bedrooms,14.393106461929658
review_scores_cleanliness,12.61293199064737
room_typePrivate room,-12.34237407475473
bathrooms_text3 baths,11.674856275954449
bathrooms_text5 baths,11.4244769741767
review_scores_location,10.890200074661038
bathrooms_text1 bath,-9.355018564713136
